{
  "elbow_layer": 8,
  "logistic_regression": {
    "f1": 0.9820359281437125,
    "accuracy": 0.982,
    "auc": 0.9930400000000001,
    "n_params": 4097,
    "train_seconds": 2.5498385429382324
  },
  "mlp_64": {
    "f1": 0.9781312127236581,
    "accuracy": 0.978,
    "auc": 0.992992,
    "n_params": 262338,
    "train_seconds": 4.428907871246338
  },
  "mlp_128_64": {
    "f1": 0.9839357429718876,
    "accuracy": 0.984,
    "auc": 0.991992,
    "n_params": 532802,
    "train_seconds": 5.326789140701294
  }
}